"ID","X1","X2","X3","Z1","Z2","Z3","Z4","Z5","Z6","Z7","Z8","Z9","Y"
2656,1.58676172280506,1.70328706057164,0.649371660337469,23.6886527894556,3.60249352128719,0.701986105994295,0.110238878932954,43.611826624293,2.97281726713409,1.34117105947113,3.53497837996175,1,289.921531935772
3722,7.2007365525172,0.729642648984084,0.272019598638107,19.2205414310687,1.97757965947962,-3.7661251942533,-0.277144235410449,41.2291983382822,5.33262178044117,5.68014919466546,4.80438285411248,1,298.786737093219
5727,10.8571326020768,1.06042087006215,0.378877426230107,26.276479498971,1.05885310830242,3.28981281721134,0.485171333948049,39.8733477122903,1.94077507515243,2.99134269075831,5.87841423879293,0,290.712046840043
9081,21.6123200027439,1.10485959258515,0.565147370437761,23.6805344756494,2.09745868253336,0.693867894532753,-0.324123394078243,39.0984113743459,3.10404602023264,2.67178692666803,3.15305337032666,0,290.409138842302
2018,25.7212202349772,2.10795464761161,0.653037402367246,22.8795925427061,2.75746378186219,-0.107074115193327,0.0959943500704553,40.9761998880227,3.87335911427172,1.98687275564627,0.465138368518943,1,287.938056432299
8981,10.2251825625677,0.585454507270397,0.579482129733497,20.5594164533757,3.43470791427024,-2.42725013975718,0.92228901831682,41.7079461357042,3.82158668163149,4.28473981445198,6.29782064738165,0,297.895171847641
9442,2.36357614578777,0.346338852688936,0.270444826124296,21.4156728129709,4.10853897359833,-1.57099391843501,0.96312176194423,44.5963068653045,4.13470285715765,5.41280350042669,7.22884530076373,1,304.159208916346
6605,0.917291842666112,0.552432090867469,0.216306218730329,22.4265748244375,3.38292438660073,-0.560091789833623,-0.361882547750832,41.6352654887053,2.80658678968473,1.89391555640831,6.82103792562891,1,290.924934531585
6287,1.68109041569801,1.22612555686977,0.364255295352845,22.1722723345845,3.11483237741291,-0.814394282675246,0.64999639505708,40.6241554687081,4.39382387509353,3.48943815230717,5.86110111909492,1,292.177585928531
617,33.3795810352774,2.59122012693977,0.407795702320402,21.0728037325848,0.580519674627943,-1.91386280868645,0.0116236794156649,40.6059975822929,3.26147896537922,2.74539172912053,2.31478548491775,1,282.804679394339
2060,92.3740865801607,1.57125823556214,0.592749269311952,24.0009098914585,1.20965306369194,1.0142432654267,0.685886694658492,38.9908983068016,3.26758643828858,4.25026388489442,2.01750965567714,1,262.238618153751
1765,9.60759484100298,1.91863720037352,0.869785344950049,32.7527505666842,3.17293891150639,9.76608391556197,-0.135112600272396,40.308838314702,4.86826764223203,2.68351444301148,4.74287417327662,0,293.182830458318
6863,2.84728736278491,1.39274124628374,0.129126859239376,16.7288768716086,1.91006827327124,-6.25778983644002,0.817971315601389,44.276963484119,1.95066667920077,2.27542011578237,8.00654096946081,1,290.969270579482
3837,21.1803337954083,0.923757895412247,0.572909722536647,25.290493245514,2.67413212504416,2.30382652374194,1.2819082953555,37.1043822348552,3.3009683979111,2.54354750658362,5.68249300866463,1,287.851161549388
7689,119.645838078644,6.00180838800031,0.332268397802197,26.6757228788295,1.69969107142962,3.68905629999312,0.0574361077332414,41.4342433587132,2.19606066672612,3.99710717475414,3.89794370360578,1,209.284127736505
4970,11.5850217648313,2.59884797903973,0.681485995279975,20.3615970290531,0.802054094793657,-2.62506971949364,1.86457645728146,46.3762359554993,5.29679640759085,3.07550359109802,4.09689511281971,0,294.307419485939
7166,38.8034076784041,1.23068576481609,0.858553032975307,19.2444574226174,1.30181675355603,-3.74220928704031,-0.365234285994523,42.0967873067532,4.09749296960793,2.34669349387434,3.24474946595884,0,284.114358513685
9903,7.41687784871126,1.72487051151685,0.720474997614199,19.1203030725307,1.89421082147101,-3.86636343770701,0.58838459723998,42.4621238378316,1.57829741027274,1.03987070921759,4.3974798629106,0,287.534124369517
3794,2.74829740546577,0.541532852746239,0.561064873650371,20.2839415327751,2.15066636791506,-2.7027251745195,-0.361342173396435,41.0632663340451,2.611418895947,1.80264256016817,5.28690130332851,0,287.030139780661
7761,10.6380008453562,1.95667582123272,0.157019202187795,24.0284500109063,3.10134474868681,1.04178344759478,0.383692920306473,40.4251991170319,3.99575895568147,3.92623785567385,7.54293640019903,0,295.969432308635
9330,36.5134565161278,1.98966494205679,1.19972690893709,23.7823332231749,0.954133149848333,0.795666501359977,0.900881463328064,39.5625930732027,4.02398832459596,3.50055643827215,2.40164923491076,1,285.178871518548
2119,21.2876016132261,0.867671762160884,0.407658475884529,20.7620051921091,1.79273836003264,-2.22466144499215,-0.16198239328729,39.1658844756636,0.310527739586126,2.53962412336225,3.06388976288254,1,285.759738236614
6504,12.0765103010248,1.13664665018651,0.629474060289992,29.3644153122031,1.15490252864689,6.37774852013475,0.0727221251826553,44.2325713478074,5.04515372646188,3.15198214097392,4.15766340200882,0,293.989701197074
1252,14.0765323108082,1.50261679111861,0.215718616924625,25.5362595805085,2.75468987143784,2.54959289584479,0.152836802364618,43.3836871602651,3.37843268840806,4.1941917493845,6.39764223905006,1,296.383794758259
2667,4.41686179063069,1.81329283339943,0.245033992968418,24.8568967439233,3.23368539986895,1.87022997030903,1.33284182182715,38.6056001741875,3.25473914818687,4.9157511419662,6.87714012852576,0,298.06650798291
3852,19.7387921774081,0.414605409990465,0.461479976383737,25.6945328768949,1.34185482620786,2.70786622906261,0.464874032195116,37.9616976077043,3.12935409260572,3.73119018297181,3.2327764252765,1,288.856500182133
134,20.2378017618862,1.65707629865067,0.405970252534003,21.276084975471,2.37073936584452,-1.71058166321219,-0.0547950200888726,42.6854880352662,0.546339378965465,2.12304345000153,4.07386715205966,0,289.310028038648
3814,13.2272341869927,0.689072967653806,0.224096218366044,21.0834998458681,2.85462677156208,-1.90316675230309,0.438977764145951,48.7827205229684,2.04640410933883,3.73418170349067,5.84851517387538,1,300.444096431192
8675,3.33983623913843,1.43942604740451,0.357240068557167,19.4541268969524,4.0202166444092,-3.53253968268736,0.216481405022031,41.6329478840773,4.74473555105578,3.6469966232756,6.99176961644152,1,295.242324708766
3394,2.69490985520078,1.43508486379684,0.470536531204337,25.5179819906065,1.02124976090406,2.53131543579257,0.953856072406455,45.5981627208672,3.01620661060403,3.24527763823443,1.51677470528615,0,293.642975735874
4807,4.44115272630995,1.23787231559116,0.234034127645506,17.5765971937018,2.63351265126957,-5.41006944366647,1.29047264865805,44.3040305397958,3.46144377135754,3.79316033312944,9.6443504188182,1,297.082292320349
5977,13.5700008582012,1.30968889025474,0.484733713694511,22.5701085431524,0.062413346062447,-0.416558164461273,-0.21810168112186,34.5657060317923,2.0906500951644,2.65458651952158,6.85085639563864,0,284.11974221185
4920,31.7129113300308,2.64918425537498,0.42959319933326,28.8755692189092,2.17546361959917,5.88890258014046,0.148188704594541,41.7050667778039,2.84223637756351,2.30509352971881,5.23267459897673,1,285.173830349274
1858,36.9018185026947,1.4125970497065,0.403473214541105,25.3215603121873,3.51408979939067,2.33489376789496,1.61544013422794,41.1648057794676,3.93291408635282,1.88302611221347,3.97885028477172,1,286.548719042243
8247,2.08205550485066,1.41063373353496,0.362846589702072,25.1136043978032,1.88015509260885,2.12693774499035,0.89627917272874,45.9428386946115,5.94989539261589,2.01036352734503,3.69146589903531,0,291.980896696626
6663,10.2991015981059,0.996813086838184,0.440850309640383,18.8474016390096,2.64669257546321,-4.13926493561043,0.34441429034869,42.0668282434726,3.97201133839986,4.6022834945067,4.8024598563002,1,296.213567242807
7916,23.1506527771869,2.61500027208404,0.192474117988535,14.8456084484812,2.50665949400629,-8.14105827610894,0.0653250844730567,39.7308005026568,2.38481068925067,2.26817721627798,5.12733333636482,0,286.545931078873
1075,26.6133181308489,0.970916495951187,0.334907922715117,24.3210805689521,1.33010785590064,1.33441385141943,-0.203490753981037,46.7886068428407,2.12876002451084,4.23848037518899,6.32729093941979,0,296.296987231242
7210,18.7392647952164,1.30547654869269,0.598958533207117,21.6320315870995,2.1449528771248,-1.35463510051062,0.746473700127003,39.1383140499575,2.12776601483179,4.19717869934738,4.78558583813407,0,295.502777077937
4098,40.6672534131762,2.65284638525111,0.658391225031514,20.777501565418,2.48218501502085,-2.20916516052378,0.507350778367088,38.5877609842981,1.61265245702569,3.45403404017029,3.0495540851566,1,284.33116907446
8178,17.868540142276,2.07613991157936,0.608959256045368,21.6417861239549,1.47922155130505,-1.3448805684932,-0.725657071309504,40.7552296938934,3.36092320950153,1.41311354814086,4.31659186040551,0,284.336934281601
6446,6.62822635505252,3.94251244699852,0.435096173789886,26.6924795149692,0.316515337896933,3.70581284418501,1.11170636915982,41.4468927322898,2.60477469629673,2.9277866276515,4.03457781567477,0,291.581484594262
7798,3.4684407982047,1.13620560642914,0.399272511131539,22.4865348071341,2.82588563301041,-0.50013170474404,-0.192539850662932,43.2488022886119,4.58572119762955,3.27268158393494,5.9370299977967,1,296.038748669171
5506,20.5091515820071,1.50157374864001,0.29600760592778,25.5418421676472,2.07174690884451,2.55517559165644,0.767472822092781,42.4385511504934,2.9369381319467,3.41317306451343,4.15323014095512,0,293.832753138448
5274,68.7866152168677,4.47610220144465,0.203699726012247,26.2129224763406,1.84619094389238,3.22625593738545,0.595750968680142,38.9137011677693,4.32382631361797,1.35872691152737,5.83119761941674,0,263.987452326981
7860,151.78691038701,1.36513195474639,0.464259171094151,18.7847886692697,2.98281776070309,-4.20187787817901,0.209080230702207,42.0635379297918,2.25915116514622,4.09704722749888,4.46321405879553,0,217.07390408473
232,12.6400274935293,0.983885568169037,0.607619409258739,22.6214539778885,2.82361429230949,-0.365212615244113,0.402482933866592,38.5541420823699,6.15084521065561,4.78545510453147,6.18237535238022,1,296.34089504935
4751,2.89086593323198,1.28627344171487,0.245427150400073,22.3606428409618,4.39344126817526,-0.626023790210787,0.531780274459886,43.6359853755376,2.93977135424344,2.91363715946406,5.90185907962104,0,297.259790984267
7289,3.44639497547684,1.22186672422044,0.393328479381488,17.4036312514837,1.91572094309624,-5.58303536725107,0.00225492786267156,41.3059419925942,5.01149871445191,5.44050220946559,6.14765346359391,1,298.972689776318
6895,4.93643560278831,2.08636499108773,0.813986422523676,30.953106291633,1.35254429502407,7.9664395999782,0.754802016507163,43.0628757134244,3.14090345480166,2.42871031193841,3.84165480054493,0,291.457172411008
4753,16.3180466930218,1.34444787293507,0.858271581572504,22.730753710054,1.27423846732089,-0.255912980415555,-1.68457972706747,42.9496261133766,4.47420880902138,3.08151564850625,5.00960421346026,0,294.274282303559
8570,11.0404514839827,0.961126950361857,0.717164373805949,21.9574835735266,3.90927239153799,-1.0291832001989,0.607382597863452,40.8651801638068,4.93140775823475,4.76445853669712,4.4082712667077,0,297.892859691601
4359,10.0269247244739,0.409836827466072,0.343504223196313,15.1048698073318,3.31971752237753,-7.88179671397873,1.1583514342207,42.2255097211148,5.26644575455926,4.23172135261313,5.03296625873757,1,295.885129663469
2437,11.2119806968336,1.54686768509318,0.438178647119268,25.7402421809421,2.240662725428,2.75357559513692,-0.346519317152705,37.2746265712376,2.25212251524716,2.26656831521016,5.52310660592258,1,285.5370762142
703,7.71013493118717,2.02123441687205,0.885579939823331,20.1570227664291,2.53011574144745,-2.82964390390655,-0.161952611132183,45.2091616946143,0.979328670708337,0.0824273397889721,2.90026257363498,0,286.573047949197
988,10.6920445653692,2.42818640611152,0.29369776812584,26.2829366194342,3.13298243519979,3.29626998129753,-0.734248304967983,34.1105375671018,2.89253416795022,4.99836172983755,7.07459248623369,1,295.168393773409
3146,19.7305878980422,1.50779914305471,1.68056034865769,32.2040102726612,3.73247951109545,9.21734367737458,-0.102028662904594,45.7757327215933,5.31107056273292,3.03421837648088,3.86984788442095,0,297.973620443782
5157,10.7699964712873,0.74676316136956,0.800979292713258,28.8167658232996,2.73897502332974,5.83009907624861,-0.49097217381791,37.6041564936496,2.41140262838394,1.56853232035176,6.50634093604135,1,285.843437007899
6583,4.05118763349111,1.48889253741543,0.52446292958475,26.9159121950802,2.32632128530432,3.92924551184148,-0.614386668334988,40.0378198511466,2.20966406083555,1.99139229802709,6.30350865305888,0,290.04371245802
4046,12.6149077739967,1.3934715290513,0.186588955255836,18.6403558115364,1.76879822061552,-4.34631096696329,0.475079389821122,39.5932275771929,3.7546793171355,2.975657339454,7.26856787016779,0,290.737807010697
9076,54.4612268585243,3.92583393997255,1.01224092826673,26.7009209873916,1.36435911793973,3.71425427059519,1.26721966675138,42.5677028337926,2.41991191055607,3.1867995452649,2.66157501179795,0,281.144782784928
2919,6.44049181412776,0.528774130424212,0.332336213027681,17.7841299253135,3.62587950217169,-5.20253678979433,-0.0549244125799834,41.3359912381964,4.2292085229647,3.31264560530317,3.4265830627934,1,293.582371531739
4563,10.1985361457588,2.76640511703915,0.445844484109874,21.8581293586608,2.3660650641528,-1.12853726742233,0.268150929112357,40.0208487535528,4.40452769370296,3.16702967204181,3.78191713394785,0,291.283650285576
3304,3.81779381784442,0.432058552852568,0.155685766064438,22.0502273725781,3.85134517660244,-0.936439348191771,0.478429821263319,42.5438028971253,6.24909743504304,5.88375833968425,7.22883995795211,0,304.563092984079
6469,0.880199989596696,0.740375583874468,0.32998265646419,17.8801654678253,3.42024233335085,-5.10650120417943,0.395697350425495,43.2503509819542,4.30137894655745,3.65543308010885,4.30703633213396,1,295.210561695259
2565,15.375495535623,0.403655409890067,0.754389264756177,23.9775276981739,3.70838120160293,0.990860964697986,1.22480651814602,44.2902043083983,4.16405722291657,2.72429891054206,1.30818990397247,1,293.346610189144
4755,18.8098758638856,3.98697256071734,0.387129883779006,23.3450006402986,1.7713789028839,0.358334004334617,-1.33594696248882,42.6745012272481,2.98902314045844,3.4432409829078,2.53083966969438,1,292.095504461147
7613,2.22751015988394,1.6033030615211,0.856521491192739,24.7010887910986,2.07881468742554,1.71442230196123,1.07380489287418,42.9974932484976,3.50492878686697,2.18242665867761,2.07703240634679,1,290.719079016231
836,15.3487373639469,1.36433976861827,0.135694094383085,24.1295308128916,3.00456591925143,1.14286399543567,1.01547153079841,48.0939173127087,3.48937329572462,4.09122960813662,5.72371568495943,1,301.094661081671
8695,2.44914225434486,0.691007482704571,0.278305025016731,19.0829136883675,3.97247685490669,-3.90375302349604,1.83522708812532,45.8065985057917,4.05567630011092,3.42774852159301,5.45424182187429,0,299.39758977955
3367,10.4143119700237,0.680312942856307,0.314766136453357,16.1536593371502,0.780333947737757,-6.83300743036164,-0.353441285790742,45.7728039665271,2.78826567250812,2.8734687495832,4.98563180667785,0,292.539675872357
8336,10.7405758278087,1.92406733901535,1.22343401293854,23.0053016713465,1.65276727148981,0.0186352021393337,0.337819115045463,38.0629606113966,4.47326486053166,3.83052003656151,4.29868211273994,0,290.674319662313
3442,3.55553474863225,0.545046065523937,0.0673196913310785,18.7764983720811,3.19772109765713,-4.21016822505829,-0.899390291766678,40.4148715602826,4.1874692585115,4.00349637681575,6.60810926051111,0,295.712791315984
3314,15.9192306373307,1.30890100801712,0.34386539084674,26.0278945623019,2.58952538296,3.04122799650368,-0.746332759784374,39.5386417066847,0.90759740600282,1.81532625774064,5.96452812158198,0,288.512238527664
4729,13.7431336940774,1.56622144852838,0.48565243144565,24.9034600748667,1.45135789159278,1.9167933493623,0.443830839982115,39.0893283259444,3.109503638478,4.47060792465812,5.01338582509744,1,293.221593630866
8857,36.7271764864848,1.33378981988349,0.602794106569114,28.4238878875153,1.94835273336741,5.43722131379303,0.674395354202419,40.6007653347007,6.07625072158081,4.46016520343022,4.31397191061474,0,292.813927271589
8580,4.11932554868496,0.65536397187773,0.25430290142368,27.3631465957859,1.00666088164599,4.37647989961021,-0.0186778654992132,44.1267615874544,5.19634915997918,0.609672260324762,5.97234525297936,1,284.494703716842
3871,24.2959954800447,1.60269073642653,0.768588603909916,26.9069082561143,3.28276743810803,3.92024151867601,-0.70724013035853,43.0753845565176,3.38243606945727,2.49104527134217,4.39834986217681,0,292.134221782081
7714,3.03406108013264,0.850413144728295,0.457771410203307,19.729915016791,2.95371879117137,-3.25675169299613,0.40336222018446,41.3379376129787,3.998328078448,3.57984097729459,5.24977563329495,0,295.610157986152
9531,15.0387175931629,1.24265327330663,0.420138254939699,19.9875515412421,1.53737516812527,-2.99911514728105,-0.615172052185398,44.5141611447436,1.97878596632469,2.63325764035233,5.3278600329426,0,292.348176184238
4313,12.194612685719,2.19450365075362,0.555046833928751,16.9137488375067,2.33027637622504,-6.07291792893758,-0.56598972160044,41.2662515461887,0.0304241851521101,2.53759405944922,3.52410343795408,1,288.021255325592
7068,1.45219502288828,1.12130674644477,0.565013020780027,25.782030675077,3.01237452749333,2.79536398672579,0.705399390385334,39.5079341006849,5.57953377419623,3.15100226151592,5.56293358507277,0,294.801480306401
3969,5.39616242800645,1.28485458041773,0.869912392654322,33.6113187461834,1.08181799326451,10.624652109888,-0.783752438847159,44.2661639743039,3.7652834993976,3.82930485253127,5.8433035909908,0,298.718926482168
3227,16.6522876156338,2.3905245827271,0.737330226578911,31.3362670015882,0.744078640067393,8.34960028971535,-0.586943809281418,42.7317131254181,3.55186222827072,3.43312160813106,2.97629088836341,1,292.073345064383
7508,14.1359713046996,0.514916752491029,0.561315737520507,21.411202329621,3.86830536744327,-1.5754643039306,1.41254577764105,44.2675819554271,3.68647855826897,4.3307502793666,5.55534602280567,1,299.877927126905
2012,1.78733795682217,1.0192761820132,0.512722945679436,25.6356571706695,2.74747495203389,2.64899050891755,1.1710412203049,42.3039578866289,2.94239816959509,1.13725833842365,7.28706683541425,0,288.753797346434
7051,6.71274140073222,2.22905394029844,0.200733010487795,27.5045262374806,1.2952522789617,4.51785961222044,-0.887791482339641,41.5093165327195,5.74334222337928,2.98011761160974,6.45844743833538,1,292.779488166113
1205,13.1687518991202,1.35541377261694,0.251596791137676,25.5821562303309,2.31422122998514,2.59548961537576,-0.84629381231346,37.9730291181632,5.06238653554434,3.91189113395197,5.85910105625046,0,292.920052852356
2435,6.67437348204793,0.873793399445401,0.389786669127281,22.7467881684704,2.49672685517438,-0.239878551240689,0.0624575503525967,42.5640932095604,2.12047689119906,5.14041744227936,4.36737336618131,1,298.900692209204
1419,8.30862948419723,3.76933836367339,1.39751623647599,26.8602625782401,2.79980422394702,3.87359585952713,-0.201664387275804,42.352952650444,2.40214308199095,2.9843901375717,2.60953601637963,1,294.268186328942
2376,9.3190241620408,1.37834937810054,0.822699437727802,24.9682454578584,2.81943211567282,1.98157884098547,1.35722744560402,42.3330802425063,5.85951434553117,3.5311196017167,6.20478095043474,1,295.434068518673
584,32.5103212316896,0.681667947491159,0.38831015526858,25.0091161870898,1.75329782869999,2.02244948822963,0.500800916054635,39.766723752965,5.31396808208849,4.98584439736817,6.04404839541597,1,293.932479921092
6366,53.2383071380576,1.5973141717826,0.933049022512694,25.5525897690911,1.40415356747444,2.56592310837651,0.612253216578849,40.9750265273426,5.3299255560516,1.44731762917518,2.01035030900409,1,277.482397230806
8683,9.18026693230713,0.854584036589286,0.145848222289314,18.5483068517848,4.54556073243313,-4.43835984164921,0.161604848591972,37.538220869975,3.92049588982848,5.06572343194814,6.26934672719072,1,296.649747264912
7717,5.48660210124904,0.66918817253295,0.446771767443262,24.4838111667992,2.86070273748224,1.49714442366236,-0.760613342674825,40.9885216374254,4.24176977635903,1.61854222379156,3.95667382422469,1,288.996797921831
7899,7.3818710016174,0.526583695219008,0.356098853408447,16.5092581980147,2.54016796186911,-6.47740858505568,1.02975021796365,41.9972746354943,3.86786685923453,3.83006790243351,3.05515489549579,0,295.111090879248
4510,2.29377863345077,1.12532753950681,0.400832362447997,14.1899232264162,2.21000738851581,-8.7967434650726,0.493800708366541,42.2751677025523,3.69809522508963,2.96529322093397,4.33192800762657,0,291.280327482174
4063,12.0300158569297,1.1080045305394,0.416282099541476,24.6121793060663,3.04017539454164,1.62551269008153,0.936408958613471,43.9573283064785,3.50180049552059,3.39854849454472,5.75506138533624,1,296.125371953177
8031,4.0770181585568,0.544400446773104,0.360783103488238,18.8292707172605,4.05783935136523,-4.15739596063931,0.733949340281713,43.6809415157957,5.84794358727294,4.1008520936678,4.61954438382146,1,298.63334131268
5990,8.05067955033947,0.779150518981553,0.585680795734728,24.9089142114413,1.12399161461812,1.92224751274742,0.880006749495907,38.0681486922815,2.05833307169374,3.30136247504095,6.3324488022309,1,288.56448153502
6483,8.27943885542654,0.796621218609515,1.10441595139042,23.1431067089983,1.18901639535253,0.156440161552838,0.0692779221878761,38.5062455707956,2.24791030723809,3.63138484187236,3.4141890297542,0,290.367364801284
3497,25.3504919930158,1.73142234776578,1.24741500286515,22.7289239568532,1.62851923454035,-0.257742706244522,1.50362051779778,36.3383365672866,2.42775155552611,0.995109251681636,1.03802289104819,0,280.795784025253
2676,12.282973858374,2.91804148165464,0.490696516341175,27.6045207868937,0.811177558004366,4.61785415598105,0.495940496124214,40.0175725093433,5.42946940203858,2.8380271967902,5.15516562418297,0,290.669022255021
9825,12.026521222748,1.23519253982524,0.161462789050149,21.8126931373469,2.76633771530271,-1.17397357749405,1.41653474819953,42.1153247830412,4.04353714527107,3.0286992117659,6.09913060384024,1,291.421539066272
6270,9.79017668973796,1.81046487888196,0.170287987542623,11.2978261429071,4.08156174396211,-11.6888405835742,0.631489277768629,42.0324950761261,2.46993647058927,3.68720078807869,1.46939774148907,0,296.225236151075
2112,1.53913164673285,0.455019981327258,0.147835822248632,19.7747466039508,2.60072779338546,-3.21192005067729,-0.421785968580371,39.418881948619,4.82034460566361,3.32806121805205,9.0587051562901,1,292.724785924262
1279,13.875199988618,0.39673279685124,0.554718418875865,22.554611950861,2.6018122463559,-0.432054769607626,0.54431879658664,44.3841214110732,3.68148923253362,6.2971492222236,4.52116771857968,0,304.488448708812
4731,23.4328649006639,2.06054326796666,1.29379682813855,21.4815343026613,2.54477713640405,-1.50513241693977,0.744374495295537,44.3512241037488,4.57444371227932,3.1051293341802,0.185118070701169,1,293.705248107353
9142,1.7221836280783,0.670304359083133,0.909886184667075,19.2331867756437,1.80817698602005,-3.7534797265323,1.46056406509841,45.7796150780888,2.67290457006765,4.37385824517584,3.10123940945626,0,298.75595093394
5922,6.23565610343721,0.431210409038536,0.49672724064663,25.7340245906418,2.36453626840358,2.74735805337863,0.129203239372915,40.0439543687924,3.1369806369184,4.04380070358035,7.73104014330216,1,293.89488880804
9655,4.24680251701411,0.792882778577844,0.46277387293175,25.0343910118525,4.51716645550507,2.04772439598909,0.082872305860652,38.3354965013391,3.92026339310303,3.33649212573072,8.23882567008403,0,293.755354557093
7237,1.4945329295958,0.818887554874598,0.309847831168898,26.5697278748211,2.58830135002887,3.58306129209236,0.632422343175461,36.2802444073359,5.11363224614505,3.41538483025907,5.30512205209119,1,289.764373433961
3528,9.68420429303342,1.27844821474584,0.140099706344024,16.2729785786797,3.08563699034808,-6.71368808893819,-0.601158064201066,41.4290005062307,4.10743942976305,3.78818938508054,6.6857474908674,1,294.927228098305
4267,21.4179217469608,1.61541593427086,0.653789351725482,25.4247030086073,2.06280636341497,2.43803636592602,-0.634176271315033,40.9055103908187,2.02350378151885,2.22174196218369,5.23289855493616,1,287.907748924655
1466,11.4141440698779,2.2464404397414,0.238011347549294,22.1693221755212,2.62397087501176,-0.817344575068479,0.355636399272026,45.4718472295803,4.35416555278343,2.58233849818622,2.97631810614739,0,296.360265267471
130,4.38180326625737,2.93452732745043,0.165630073727341,22.6742581960858,2.4113549886606,-0.312408464267312,0.474918676580812,43.3294689036097,3.21125815634465,2.5273094435554,5.53348570165046,0,292.514113856616
7074,0.946737510470196,0.714147858335878,0.164558452582416,16.6036749823328,3.78764375006483,-6.38299161539445,0.459967314530275,35.4911505543058,5.15261403880013,4.87365521862258,4.64941180470702,0,296.073094873135
1019,4.25918669794841,1.52821528298673,0.494895254218617,24.2280016789683,1.82932803073286,1.24133505281673,0.0842767192042554,38.1095414544992,2.50507879877924,5.12048820517516,2.75738750997276,1,295.465064665426
4411,13.5799497437855,2.00912771384433,0.411668537236801,21.4279939367896,1.75994795017741,-1.55867277822923,-0.18260290473957,43.1824260962317,3.58684831494416,5.59247869905647,2.26580146602475,0,301.979040015066
6327,4.96063747403111,1.34817889677185,0.137601641689562,24.9332543021217,2.36955502576511,1.94658779137115,1.44728033130419,42.0675262580942,2.81993500187154,3.72771609160459,4.91634376169773,0,295.622084749765
9800,9.08269701724865,0.357474464253604,0.282559451156726,20.1424093484521,2.83419535508405,-2.8442574111171,0.236766750800125,37.9569896715766,3.72295073088929,5.23815225707093,4.31203562730455,0,297.619526427249
4897,4.00428413199801,0.817822869553532,0.228340337880514,12.7772978188267,3.65918204078567,-10.20936878082,-1.05524111872957,40.1464294107006,4.15502106076245,2.42010026237127,5.1724637441274,1,290.349598956383
4785,117.147976470123,1.2007834581226,0.404644060348381,20.078022415875,2.06252310002594,-2.90864413104306,0.563986859720276,42.1776038003998,4.57840825423523,3.27884577367687,3.62834842841215,1,244.50182755245
1715,9.15420908225704,0.706598382178248,0.281143685158492,23.6006906667449,4.47568839231357,0.614023933931716,1.70492900137335,40.3396986015913,4.42492415568978,3.17271302049661,7.53588475477691,1,293.45554105587
7455,4.83565315673079,0.273052833839426,0.137512156690647,17.1262882070795,2.79218838543722,-5.86037847778356,0.617457635339576,40.8642605716155,2.17830873719818,4.20248621135485,10.9456796839967,1,295.943387690053
4483,3.10854765193114,1.06903366298687,0.788917041447858,24.3729519955071,3.48234263637193,1.38628529722591,1.16093612294929,45.5007406812545,3.30063330485574,4.13639425566072,5.06748273530328,1,300.066560008425
5048,0.592674155526628,0.454718359038914,0.241926733027945,13.3481234541197,2.58917103624991,-9.63854320090496,0.902839147127532,43.9262066218937,4.3778927676798,6.17960889859168,4.5723439470383,1,302.748042355731
2051,1.73000333388589,1.20769697968866,0.332547593777146,22.1442918719899,2.01314631388022,-0.842375029458417,-0.833050025415063,43.6932398557871,2.33232548025226,4.11506691011466,5.54871647431433,1,298.469828626795
2259,5.72033738349859,1.75040707707354,1.30430094033476,18.3655618905261,3.14447675593896,-4.62110478147919,1.09680657256212,40.3633106589728,1.96546446642969,2.26692521925317,4.89498818679858,0,289.563343338249
5880,9.3014952916086,1.24631385390705,0.449472512952321,27.4607341451338,2.2524331244169,4.47406753378518,-0.318239516091562,41.5311408717945,3.15333570551224,4.10481480224369,5.79234768557903,0,295.818113571061
5674,5.327378591081,0.326576295304758,0.331613756558611,26.8330500915539,2.08731215218312,3.84638351303877,1.10063630409917,43.3677858583151,4.73895438194548,4.22836857898371,7.87236593794094,1,298.386016604567
760,20.467218430252,1.9192938989218,0.708031625103998,22.2342691599357,3.26709038524051,-0.752397594569571,0.165148820565593,40.2932383514825,4.24713256784243,4.15948616277201,4.43163086516192,1,294.827071199129
351,1.73238087295745,0.509511861798321,0.34227689036939,27.1296432246259,1.46532910830206,4.14297656037267,0.697348012301403,41.6114585395614,2.63982212714118,4.06611442185042,5.85869717678632,1,296.08026439615
6344,30.0724899300366,0.782890072893274,0.33026832989501,22.3586795538657,2.51122584505764,-0.627987241390067,0.930773022123931,41.6230162247581,1.85672080871998,2.7387490608564,5.30909224586742,0,288.620650220211
9163,13.8374584411155,1.0727009379153,0.261859644612227,23.0820834574426,1.0406589991478,0.0954168532281782,0.136077492603303,43.7094366127426,1.07317333543518,1.21900949054694,2.52203697682196,0,286.937264709438
5900,17.7833161704369,0.805000248870471,0.441249440381275,18.8626968475224,1.15318144826644,-4.12396976796784,-0.174034677495605,39.0602331699035,3.9485463033136,4.26339929243162,5.25574920886212,1,293.424806152516
5532,3.52731425842608,1.22231788404847,0.25591089175809,19.2850162003855,1.57010348568218,-3.7016504416144,1.01682059271957,44.521945028042,3.52348956322994,5.43086703977923,6.99479667561327,0,301.258167401079
5188,19.8136488202084,1.35289375242204,0.540008820906477,18.2473302878984,3.21175776024682,-4.73933643045697,0.0857404561819602,41.7877636665346,3.7429861491436,1.93671190262985,6.17896122083912,0,289.613016902711
9716,17.3107682273515,1.95206248087847,1.24090381440503,24.3299454044442,1.51800291306488,1.34327876191473,0.442275738741209,39.6189124119591,4.3314884394814,2.76721916441908,3.86261822284269,1,288.150841414344
5006,4.39295760573659,1.11680340917708,0.624268092394292,24.3585119979788,2.02990324897688,1.37184537123046,0.820230517463712,37.6697902145782,2.78123139312987,2.15905735992338,6.24700813878518,0,286.552370693775
6734,4.68390700097675,1.10754093975956,0.40356698901444,18.6297553373937,3.34035218802104,-4.35691126254198,-0.428339958380027,41.1882369770139,2.18870595917778,4.22167098329979,4.86654964374955,1,295.208620627883
5930,3.85593906719732,0.204918238774959,0.662410802472937,15.832828448232,3.691067737114,-7.15383837904667,0.469865621649192,41.2967749949168,1.476922257695,3.58623780056441,5.25283163457894,1,293.71076766505
2356,45.5098377843156,1.86068525989604,0.390938009411197,25.5365051476347,2.39033970128961,2.54983842976624,-0.0829692361960779,43.166626358637,6.48266744500531,2.84668579282385,4.44123696277596,0,288.234361701766
2546,6.69503701673913,1.50830066955773,0.570238211691335,20.3258043979219,1.29530666721062,-2.66086225429855,0.874141461390687,44.2484025159162,3.05633226773607,3.17409891044807,5.91715176201539,1,292.585390222104
7189,12.4874182656875,0.719835142478124,0.176178804762942,14.8473925337129,3.79183789322205,-8.13927414228486,0.0238170805904243,38.6459821893597,3.33965789205706,4.41324429055618,5.65894365682236,0,294.172879852511
4461,29.1253238449154,1.45054045954237,0.424512200497742,25.638981098137,1.90736460468342,2.65231443135114,0.479701793222584,40.2735209701604,0.28591939224134,2.31020001911333,3.93495381092412,0,286.359365615597
1727,1.70982473363444,0.8240598358514,0.189328607338308,17.1449685777713,2.90871577235174,-5.84169809978243,1.40518779890959,40.2736807334408,3.28097161235717,2.72285997759269,6.7487794967313,0,291.181843949443
7358,13.0641954837393,1.26664091811991,0.523740687382796,24.7462111625923,1.14075125816504,1.75954441397081,1.28856387433478,40.4121807464672,3.33891513355171,1.89910512452301,5.3388367530478,1,287.088751496554
1034,1.98745919636985,1.4754051694295,0.0785204351705653,21.1036981218324,2.63473477184082,-1.88296860046687,0.673167143347942,41.9659507996641,4.09921338197904,3.26298949936667,5.17586351441645,1,292.292973503765
8518,13.7862159357809,0.555184708786319,0.318852889701229,16.8843019824696,2.41230904941375,-6.10236459608696,-0.0817595482466757,43.42571428424,2.56872767335102,3.38061690509365,4.15919356815503,1,293.333380832414
6054,7.14644743893542,0.63302584506221,0.215678011596425,27.1194787523585,4.35825690620725,4.13281205661768,0.00061345989944972,40.8432100289779,5.01470628106556,4.73808514724023,5.63826287297773,0,298.64199646539
5487,3.94011908634925,0.781908608065712,0.473753272776431,27.0948517885154,2.62555991162241,4.10818509453823,0.24098011477712,36.5800435322707,4.29134999362592,6.107850708048,5.30530466324207,0,298.261625113059
3238,3.33521896106109,1.64101854546914,0.740282842494086,20.2460420547534,0.184062159611925,-2.74062463536117,-0.39823804600247,41.1124930015361,3.41867194360036,3.97655823968307,3.69353464568407,0,292.850459119158
4463,6.76832465427767,1.12936045687406,0.268031362437436,18.2834052324435,3.21769014664009,-4.7032614784199,0.0041900061719114,41.4709489800674,1.71807930803053,4.04692673340752,7.22217832197591,1,297.323245811019
4928,2.973820770147,1.42765373076313,1.14637958145643,20.6955932037982,1.95309479091,-2.29107340646364,-0.00919570751585236,42.2488827755498,3.79797778466835,3.70845535846348,2.30387601553265,1,293.551060620772
1782,1.12101862289719,0.471329314182423,0.368678413684371,20.836926485823,1.47340511630945,-2.1497402311853,0.452742694515248,44.0721392987708,3.35936366706978,4.36655305250768,7.05094760054494,0,298.322183497304
5214,6.06576984777503,0.804762080239311,0.899404524095428,23.0932813823538,1.95107521564845,0.106614682423926,-0.442127584306304,38.941708751295,3.40473553896704,4.50068736346118,4.03156805216703,0,295.954710595148
741,6.79984594504857,1.92903495166276,0.449099959803607,25.8477312099819,0.18848814037606,2.86106466396947,0.415653231889765,43.5672481174292,4.5437674496496,3.52570927071135,3.53289563683539,0,294.18408031794
2735,4.50170728146549,0.695512239265509,0.430405684191788,25.9918677050214,2.60102333451856,3.00520093607351,0.528697352401221,44.9811828898412,4.81614136099636,3.31441822236804,5.26842673897913,1,295.985669458996
2095,6.88925445058818,0.873520872710425,0.355252041283182,21.8348591526475,1.90035678779627,-1.15180756228211,0.719991937222188,41.4935843805583,3.04133407314997,1.18394224254632,2.66524326905294,1,286.725728211568
2803,11.2314988669287,1.10072324721852,0.287161450818525,17.1345641820733,2.94233412839027,-5.85210251321112,0.739348430074343,42.0686130750703,4.11696334971172,4.21208752745665,4.10118498894314,1,294.160234210418
8809,57.1026839487035,1.28580543977873,0.209921815529771,26.2072404946366,3.99502523165955,3.22057397119834,0.354526534972964,43.4788831898525,3.56054328438609,3.7380735480856,5.77238164573241,0,289.46176723411
4391,9.85323751662099,0.677998704060297,0.261492292391869,20.7992293950095,2.82351871422052,-2.18743738930894,2.04293737575375,37.1732012196004,3.13752471974782,3.70207377138258,5.99040553256779,1,291.030177386617
7674,8.03512180789819,0.754660394636666,0.326703963811312,22.4481478637404,2.84812392653623,-0.538518779690388,0.706131264435493,40.7218643051656,5.27045730300494,5.17166393204053,5.11938970542813,1,299.095284043203
8664,23.8082794522806,3.13897992327751,0.372282761114152,21.8172448730364,2.19742307370449,-1.16942174450683,-0.268602307094023,42.2116985528692,1.84218359301265,4.03400458317215,3.32678892425316,1,293.875580128625
4065,1.21370735152877,0.530933057236213,0.279502042116116,24.146069968332,3.79014789133895,1.15940325561412,-0.573352747676195,39.9589040269799,4.83294855207259,3.26625578722995,8.81131921631841,1,291.608610878256
627,5.93098386131432,0.727216169218709,0.384716335427276,23.7111534805085,2.2586317868975,0.724486881723742,0.514963586594855,36.9700037401307,4.18529541138334,3.7444713408853,5.25114217602505,1,289.839315314423
3299,11.7981335045513,0.603940047521349,0.158591717253945,24.3488250346674,3.7520080841673,1.36215835499577,0.754740678968879,45.7063809779475,3.80897293718643,3.62720298508061,5.36013497976678,1,299.396777800224
7116,12.7013837541542,1.29738714723895,0.46777573760799,30.387381391009,1.90961480958815,7.40071466535928,0.431499528966572,38.8290085238729,3.37049256573264,2.39693306189336,4.38926079209961,0,288.256533119469
3320,11.3756245892461,1.03016153425888,0.45628373418817,26.1587273824873,2.14795684583074,3.17206074013948,-0.5320536205747,40.6203787628946,2.5037364410213,3.24966660762643,3.18427185084769,0,291.177325194248
6197,4.39802638010156,0.998349839948825,0.161492106659625,24.5551912947801,2.42040833329675,1.56852485955017,1.58945688364462,40.1021874624584,4.15057634272193,4.01874572817762,6.6555668570202,1,293.333107157304
8264,3.87214611576674,2.36805965167523,0.293942017441325,29.6768692764688,1.93352965959419,6.69020262001036,0.540465595275631,40.6580860985456,2.13485057393981,4.26333665925078,7.40606260640856,1,295.474092233916
8415,10.3743185563473,0.570035179072237,0.552255551081682,27.1848188864098,2.13607193481442,4.19815202811478,-0.0366106193843588,39.1058857961576,2.87764068871824,2.99806376124757,5.14687015009253,1,288.808906945497
3847,9.62570562271935,0.680600576544566,0.369369230616808,28.7384249295163,2.66071186574377,5.75175818036612,1.11749517574973,42.0500146180004,7.54888767299529,3.06234137448896,5.35950848052865,0,296.00172040327
3740,2.52264638753692,0.755019755531158,0.367868493966432,21.0754410222138,2.71574084501957,-1.91122569197756,0.385199816667239,39.3930761879892,6.0413846276427,1.56076714030422,4.75195286375902,1,286.566720787556
8800,10.6592041129333,2.69662693817208,0.276366446770678,28.9057206654982,2.74295614951142,5.91905401711993,0.00246907291154319,40.9807350615186,4.32550639038249,4.46447901257861,6.40111433989157,1,296.398855858007
6332,12.3480541593024,2.49187315105902,0.352988333799173,24.074622461599,2.07290321453754,1.08795581402821,0.172938357684079,37.2447063943681,2.57579699113709,1.86103221527017,4.43167337900965,1,284.183612313294
7280,9.04531903909917,0.953069529624386,0.52136596456615,23.3504812150401,1.59190401842658,0.363814562858206,-0.170675073575083,42.1076914362655,0.746168913481117,1.25239177639189,2.58229020631786,0,286.630583574431
5945,22.9975217329989,1.93312075268227,0.643836666955841,26.7090916751062,1.90929585623389,3.72242505739307,-0.967786108662652,42.5744512353395,2.49934385453462,3.79108722310349,4.38201964856916,1,293.341428849099
8871,29.8788992795007,1.11192432602171,0.474105474671009,28.5148260872531,1.66203636005961,5.52815944659865,1.86569649100893,40.7470535466733,3.79638309767023,1.87390642361446,5.87466348701247,1,285.323670867676
2885,47.8125226179196,0.405194919828395,0.253242549779994,21.6941380086782,1.77604616471959,-1.29252856826531,0.844146849985911,41.9774731888622,3.09496928270425,0.984037405516867,5.79450216156759,0,280.633053028831
1880,19.9099920394596,2.39251407665775,0.845982404208948,25.6977896073185,2.39355337669757,2.71112298205221,-0.953470298069891,42.9056743620144,3.5008260212143,3.50971440341385,3.96517079932308,0,294.848087312713
8705,74.255980710788,1.59702609567256,0.250798494683862,28.6347753299203,1.51810204937072,5.64810861331752,0.494601601528077,40.1757232913892,1.03866346491048,3.29440637907654,4.88404138262671,1,272.12477733285
4942,35.5330223189948,1.12615271159864,0.401058941016375,24.3093675979036,1.26359599974589,1.32270081716475,-1.92107705990598,40.2687797652586,2.89086922851245,2.47900830294684,4.56961739221757,0,286.132890427607
8611,2.42242904616241,1.00359011977871,0.220697950813528,19.52286754638,3.27740215257023,-3.4637990979075,0.134624104440878,43.6271664220296,3.85210408723403,3.51731961123862,6.35213332300002,0,297.919687390676
1859,35.3127876059399,3.34773187296481,0.476253257298405,23.8791199635645,3.17763592072568,0.892453340111152,-0.190314677909538,41.5960165953112,3.37320762368251,3.31773939627593,3.86971490276906,0,290.225837818926
7440,3.38620469688168,1.82372268815576,0.394867905079136,20.3237157935497,2.55439211303723,-2.66295087370582,0.578561249082427,39.6704976038649,0.395344223224298,3.20559397106963,5.32419642595311,0,291.728183392673
7110,12.6009751805552,1.44761762024641,0.419652054526489,22.5812234345803,2.33459013832395,-0.405443260974192,0.376575313296305,39.7496624888431,3.54386174573238,1.90648980366823,6.74561527644191,1,286.684814074418
9261,13.2741745445442,1.60035010267884,0.501697476205857,24.6039063247814,2.10062286800926,1.61723970512944,-0.260822382036622,41.6646430714958,5.86000115283152,2.17241500754418,4.52790540946397,0,291.806688637308
5373,3.18872766044669,2.60182434332046,1.14759095052309,22.7393962664547,1.74982407579282,-0.247270249768803,-0.695880800771915,41.068051987464,4.04704215571061,5.02338776735814,4.62180082332954,1,297.315574145064
6983,22.8179848272867,0.645656025175674,0.447522630161432,22.1623471429673,3.24040007853376,-0.824319566546336,-0.437360375000143,39.3087541022581,1.55876097464731,1.71729358154913,5.4599184452474,0,288.596970276604
3816,6.31760936423621,0.872136906965056,0.684456852204432,20.7932315365164,1.41307910898659,-2.19343515421864,0.487508098348584,39.5801106772682,2.41711907495216,2.73631638630082,5.02300963389176,1,288.260236647549
989,2.15454814658878,0.489486861957447,0.407872413772541,18.6093716776846,2.62753606630577,-4.37729499501455,0.844825404600597,41.0248414168048,3.72408269324385,4.49189225575111,7.25571698761367,0,294.763109580301
9095,19.8508097060537,0.787843470895214,0.626108245918221,23.4891526831983,1.70345653313103,0.502485963831479,-0.719315773056649,39.5857230521447,2.74210969021584,3.20555391327662,6.34687811739207,1,290.68442649224
2778,28.6830243516034,0.925602151388253,0.910923973741386,25.2166596423529,2.77369398931784,2.22999300730798,-0.428373290912769,42.3955510599221,2.49558102929848,1.34656381431033,4.51917509395523,0,288.186779184797
5790,26.8881620384498,2.06533731671216,0.288690984156386,23.9701870312062,2.36424117556368,0.98352033100191,0.496965757961671,38.8630125572166,5.6143714669984,2.60882182417436,6.88914226875113,1,287.404876291981
1081,6.637246844121,1.50487948175644,1.67575545394661,30.7922507295129,0.290682966393943,7.80558396390968,0.182856836104676,40.0065407536408,2.32021692866869,1.96802707122797,3.66427070922081,0,288.504454591651
8241,5.07455791094548,1.52909610608769,0.568255276387627,27.3986888939125,1.18223687551948,4.41202226602056,-0.0303418005689119,40.5605564151067,6.30550973760347,3.33438934875538,5.61922316810776,1,292.210892140445
3117,23.4152279284434,0.732886854703352,0.254250979195008,20.1072511245647,2.92723189233562,-2.87941546317472,-0.710249917826638,43.0093686850635,4.1769006663425,5.50669655549692,5.50564889898137,1,302.101261960206
9837,5.90929879005165,0.902345254260026,0.608101464315627,22.8436449213966,2.48081552127612,-0.143021806163882,0.549353879009704,40.9933840441082,4.50279274598154,4.68376358575589,3.65687372852552,1,298.97663112497
2623,7.61122170257827,4.11408372876401,0.885257083446108,28.9143533548753,1.63063240073472,5.92768661965506,0.70982577238371,40.106468100587,5.16713390744113,1.74636752655944,4.15538116411991,1,287.316757416544
2144,17.2254100034603,0.754487285499955,0.352926062030929,19.8485431698637,2.92158533650559,-3.13812343425931,-0.366229132986936,44.1097822090996,3.42010493239998,3.31409290227333,5.14647099007534,1,294.455190527203
5064,9.91922012437488,1.81183908928471,0.518557859477165,24.1281139830004,2.94485093895384,1.14144722980165,0.632617903661292,42.6973595358696,4.67999418866114,3.9490755220627,5.72354874489345,1,295.691638173419
2636,4.28091877430272,1.74473748716551,0.244873198125281,29.7236120479671,1.25393014633088,6.73694532628039,1.00332707480419,42.3420659889084,3.75722932182998,3.13043276680572,5.92188141923214,1,293.915114188914
1776,5.68940447842886,0.664677938213252,0.217431813938822,28.7713682982076,2.01651616481469,5.7847016729437,1.00953658089558,46.0448661251127,5.41751178254729,5.35256814605106,6.78415192579434,0,302.759705116302
5080,4.74424323862242,1.41789975789007,0.427024708783377,25.9562952744165,3.22447566436004,2.96962865889858,0.139088197958391,41.0105180904027,2.19658537102034,4.94035445301536,5.39497739671459,0,300.051367419663
5512,6.03209017880868,1.70003114516577,1.0151296713984,19.8690880782879,2.09263718658192,-3.11757863234416,0.0422916970675018,41.1466913716511,3.18018022204912,4.34798133956081,3.82047285109609,0,295.221352440257
1264,38.1789317744739,0.553417662321436,0.844871339717338,21.7804796991649,2.16060483453908,-1.20618682663397,-0.244830323605475,42.4558134531802,1.98292824881397,4.31345712681646,1.03033854373764,1,293.300159184977
2512,4.08517654480878,1.05939938239381,1.12787508341194,25.563237202655,1.64523940249908,2.5765704451412,0.423292064683878,41.7015281513941,1.91950549434327,1.97746158384945,1.35753550307101,1,288.181023893471
7030,26.4611420774995,1.11572046956317,0.215446934929714,25.9094434762899,1.89566543357162,2.92277673163206,1.21667099653847,39.4267383017427,4.07909126373725,3.13315614852232,5.34014365754492,1,288.472328616781
9413,7.23892975509575,0.421498665631859,0.403144906361329,18.6528794428775,3.41109723176774,-4.33378717382007,-0.0682598038030852,44.1869622369225,2.97238029305738,2.76394312101306,4.58666523294312,1,292.460597835371
980,6.29338884788225,1.02340484098289,0.482497586971427,23.5265863904838,1.63790989846925,0.539919729304296,0.731671679570534,42.9044346041203,3.52906780326101,1.61185662592472,6.13458426625102,0,288.528058299063
7471,14.5082507268913,0.666460636672437,0.465870689236981,20.383207578917,2.39678119581686,-2.60345908047174,-1.22491074058129,44.9928395672961,3.24360554840789,3.14849052212376,5.79135456411867,0,293.381036529859
9279,4.73445196998485,0.774172016832152,0.339971128844211,14.5504828844863,3.91353422440395,-8.4361837839853,-0.307251651122913,42.857776959466,3.50962793340415,3.17707283148447,4.03551853866359,1,295.055004232035
8013,4.63106506976687,1.37179150340924,0.861959009690418,24.8288789912739,1.23492680690618,1.84221228360617,0.540604099313447,41.7769710970213,3.4576526188889,3.69764747143917,4.1609484805574,1,292.700345422083
3017,2.98837723449232,0.845653624868892,0.227868558685596,23.5194696318661,2.54089521059959,0.532802932570273,-0.28270396893214,40.8791790511167,5.64490596475101,4.64046779825675,4.18731177588264,1,296.68633865569
6357,2.11829800155807,0.508605934259853,0.362903801608542,23.1484162049056,1.63367106739369,0.161749300715827,1.16873862437378,43.1014948697156,3.96507057939446,5.21135090173693,7.88480927409714,0,300.889050056064
9328,9.63394011106047,1.09498255588306,0.54185657538468,17.8083941872108,2.96988068585286,-5.17827244860025,-0.152142734719932,42.1972011860615,1.71839524708251,4.747132473139,4.44758923035872,1,296.234383661306
9980,4.9380509908438,0.964193955809777,0.403397527135556,23.3715381220332,1.74598037898741,0.384871490620856,-0.406150100380613,43.7365484305339,4.74854938351986,2.09058882000239,4.49353951815495,1,290.149962742239
3326,4.82166215229586,0.46402618994845,0.427187312543195,24.6526185010541,2.48004811059661,1.66595187963606,1.35724688791067,42.9121479899655,3.10321350152341,4.2072725631603,4.85817726794855,1,297.137154110773
2568,4.27531683331433,2.48938837039809,0.558070173160762,27.5940516350409,2.30335454917871,4.60738502637314,0.465520253651047,42.2081887544735,2.99307824595127,3.47186537356556,4.14716980430364,0,296.020945941615
1619,1.78453140481204,0.937546122631601,0.574279047550166,27.1573689429553,1.49620009295356,4.17070230705273,0.50077746987058,43.5018192005848,3.27912029534959,1.76933286589157,6.55735201759882,0,289.799861438774
3151,13.2915949232986,1.78642288914416,1.09810088067787,23.1912928761396,2.71894882302168,0.204626029190568,1.16005564075948,39.9349640136221,4.34788268332805,3.19394448598323,3.26110124500294,1,291.49406753383
4988,3.6821404684647,0.691017979693386,0.338312348639559,17.8688671466933,2.85548850020352,-5.11779959764612,0.105881260932995,43.0542510163994,3.6003258550481,2.65423237021761,2.27942839969392,1,293.201102344684
9034,58.8841439273712,0.775651191905406,0.395557644849492,24.2620226716267,3.43535975485906,1.27535596724786,-0.292177593565254,37.9945021511185,5.99342454215889,2.63594006584527,5.40963469026641,1,279.864691331896
4995,213.695599779432,4.48044538350078,1.36281692399928,17.2027961864821,1.69617399611945,-5.78387042067934,0.167638368574573,39.9079318508348,0.722654514335741,0.832196989361737,0.214044480916987,1,44.808909689283
2519,18.8283182353989,1.14531649568299,0.608858857400991,26.1022854462585,0.221443075955366,3.11561878866636,-0.870793803155275,44.8492995948646,4.21210369422932,2.38157448687589,5.41995831887446,0,290.167449708098
454,41.0588198697459,1.56031273245052,0.229949893074414,25.8389076287498,1.61244425721428,2.8522408571148,0.909972306621936,44.5920319582293,4.78265948088092,3.81199903148482,7.22350712361794,1,289.964480437022
4085,18.4861750508834,1.19544889920983,0.446128536738076,15.7973671159219,1.93913159383494,-7.18929943868802,-0.620747291949128,36.9942876702577,2.77846846348094,3.5508468412992,4.17629419749803,1,286.967662020757
8346,4.01221460589183,0.373318766727227,0.176864360290982,14.8314968131084,3.63154284545187,-8.15516975738555,-0.305241287207207,42.3374655092863,1.79551669451943,3.51024255237885,5.30753522716922,1,294.618366578972
3393,27.9930147941138,1.14283893648234,0.460735160596332,29.687902524558,2.54364044733764,6.70123596550613,-0.0644676183815082,37.5314098259661,2.72989131959924,2.32031697198734,4.39443687483125,1,285.151582732922
1283,9.10061922400585,0.829847002953911,0.699472998029355,22.6832589934392,1.3964346267785,-0.303407632510427,0.636050376841276,40.4927050496259,2.88452874274887,4.20028285530452,5.29828643246492,0,294.152877797369
3658,24.2034800122044,1.58741685622709,0.834851713644329,23.7907706580882,1.38606960081037,0.804104018122189,0.940884715081637,41.421346189132,2.20479704632734,2.87750938325786,5.86481685851892,1,288.136373292178
6167,4.7022024699243,0.592226225224622,0.423033499134399,22.4955556012005,1.74502427356966,-0.491110948941859,1.07917522029265,42.4146517595339,1.08121950967962,4.11210472465252,2.16162411928513,1,296.071214962492
3810,8.26685818046886,1.79096573740272,0.35863538527307,23.7266298012967,1.67507176139655,0.739963068325104,-0.119559335116568,39.8706912002111,2.59886907307967,3.66307999381864,5.62094902311,0,292.004991792698
6735,6.30679919738729,0.836543587325876,0.208709855815612,24.5764519011324,3.05870427638088,1.5897853397549,1.23279813383348,41.9324082241809,1.77821856518407,2.6144781590582,5.38280218308855,1,293.210673213225
6733,6.54559812252965,0.808674668791109,0.689183642402428,22.9081983295525,1.78312238792119,-0.0784683282972774,1.99088194449929,44.6137644449037,3.11864102857359,3.48322701784777,5.73547792245046,1,296.150888940173
5417,5.10311339619557,2.25978059496978,0.372596367792264,18.7621397621543,3.01284545975557,-4.22452686500423,1.05432653533345,37.2227326301418,2.46029746967131,1.3423350083564,3.75811056588637,1,285.342541899062
4195,43.231114790757,0.720639776963902,0.364612401852551,21.197303804995,3.25913243592899,-1.78936278680156,0.916557978450938,47.6446437398896,2.22899804475807,2.37774080383496,4.83147827802947,1,289.763808148638
4420,5.48230626472077,1.24957357538087,0.304424261355568,19.6334248159911,2.19795900903599,-3.35324190695959,0.172738975990978,44.3773310778946,3.24692688470515,2.52383673846128,4.8865127100315,0,293.336018782648
2992,8.885195619837,0.691159648072225,0.397616769961559,14.0077641288431,2.95975624783136,-8.97890257520375,0.605148552953603,40.5475774433607,1.77928854915477,4.63814673147818,2.80095168167372,1,296.065435481883
5644,4.28678080214178,0.831311982230573,0.462757233186749,28.0182692779044,2.34042730474038,5.03160255400978,0.164606653302291,40.7775125969113,4.01411965695426,5.37684901545629,5.50929490317969,1,299.31722003521
8885,6.81987701178192,0.516031253066784,0.361298840930171,12.3919884356074,3.48458199188531,-10.5946782078408,-0.377078323119877,39.6672618983923,2.3074488133621,3.20296054332317,4.68428710136648,1,290.819772839487
1390,1.51604864014211,0.621924033925815,1.02650754284802,18.1154240183284,1.54733102902673,-4.87124261693729,-1.14788403853275,42.9006138019726,0.748909009197841,0.961358838585596,2.60591796085175,1,285.256012506312
4051,2.81832142209024,3.9702951691538,0.693697715484782,20.8725631470663,1.72590498978295,-2.11410346485103,0.316533058454432,39.9450939087883,0.569270491440125,1.74085448991011,3.15996540330764,0,286.659354075795
9990,5.05147262119757,0.799645155983004,0.739340321824569,25.9730930442646,2.77122660944041,2.98642648111083,-0.13016565107439,44.9284710747879,4.41816520463519,3.24046141320408,7.40046799235609,1,295.955509880652
4183,6.42599799242245,1.80458643465328,0.640859377161971,23.7911461610869,1.38923074304038,0.804479355882924,0.575994763865845,42.3341316076884,4.96907411026703,3.39419830353201,3.82249604088608,1,291.792873748147
1293,75.9487969184186,0.684480710032226,0.387556712283772,22.8177022228538,1.46331410724915,-0.168964575360493,0.884355450104858,37.3601914202992,3.59572051514937,3.33966971847092,5.45794464182303,0,273.426927034534
4488,15.2199207040284,0.568716632232757,0.455325492690994,21.4629105742172,3.3767626368795,-1.52375610760535,-0.0120593421007602,41.1866075032138,4.60720605122129,2.94836316858597,4.96935337446472,0,291.503001587789
9196,10.1406171874392,0.604675343643087,0.22836838248344,23.9579778592534,1.38990899149536,0.971311194830389,0.995343542553085,41.8184151598905,0.0680456328006387,4.28610082696603,3.36335200827,1,295.976486899731
7430,0.704530678314952,0.51318552633705,0.119226848926264,16.9889820073485,3.53359315683541,-5.99768466159013,0.534029507030189,44.0649557358897,5.38198614997441,5.01297877220049,7.31815083590892,1,300.193172340902
9096,15.6402709580529,1.56166677324826,0.277778518346848,16.7997113681756,3.15020704990273,-6.18695523737036,0.300066967447667,42.040335445614,1.71724882483488,1.45141089019167,3.63902813563054,0,287.067340195367
4589,6.52844442870519,0.953303877462131,0.926034703906796,23.4369200158773,1.00786246559683,0.45025326514201,0.555688234050621,40.2156474661925,3.52633109421999,1.88125016622116,4.12734011326209,0,287.341195128611
5882,4.86880120000134,0.431246482924083,0.114472360857864,22.9883493396623,2.98018921254124,0.00168262016608916,1.80873326144609,39.5709723097748,3.04638515540501,6.1596198349201,6.90297890013453,1,303.520379191978
4727,10.8306889038296,2.55253383341585,1.06890280680571,32.0894432234236,0.688497061405025,9.10277655602243,-0.612345855771976,36.7161866325977,3.91244519980667,2.58688866408212,2.84467973471522,0,285.823132274437
1060,8.56525909505297,1.86340907063997,0.202706420117286,25.3085832124255,1.82510632869468,2.32191662311496,0.795889650716959,44.3223484675852,2.21845780173659,3.39551354546715,2.23846470008337,0,295.764388370762
2415,4.38988502065766,1.15083502584749,0.320640489027886,14.7608035017777,3.85482956967344,-8.22586321346127,-0.520157369467939,43.7278831827356,2.85066084312352,1.3765730236036,3.77387155302202,1,290.391815232732
4858,6.78301678619477,0.21837964398287,0.0680300122665259,19.097625611395,3.08035401971669,-3.88904120525739,1.19124014040048,38.7393349650052,4.60810113618439,3.89893238085436,9.68459950623643,1,294.348949380659
3632,20.4938380522971,1.47433313469664,0.572577596692634,27.8820843511805,3.02159326137723,4.89541757145351,-0.366974126351291,42.1626291953632,3.53107073270481,2.51457083497508,5.20252502550348,1,291.405817590598
9106,1.59282501608087,1.32056020555443,0.471899459071769,24.3585077086701,1.71119507000008,1.37184106088327,0.867221602077579,38.1320315151595,3.68025386276792,6.3160888765002,4.74761876139153,0,298.725645863236
5104,4.80922488581925,2.35146483711105,0.237882523544458,26.1955587769491,2.83143770016097,3.20889208867695,-0.0723519715863258,42.4325187752103,3.61531309658606,5.45590947339677,4.87289662661931,0,300.315873377323
3089,9.91641231783002,0.645765069459883,1.39350759443704,15.992099750498,3.71577762112809,-6.99456694367949,-0.643855024554488,43.0412620508359,4.26066891900229,3.55202811836293,5.402511817342,0,296.098872356727
2708,2.30937970322199,2.72921829143685,0.465544764041078,20.9087583675097,1.37470796128307,-2.07790850248117,0.798827317370977,41.9895192853601,2.11040937998139,3.62509962926074,3.98784198815004,1,292.280227483124
7669,24.3000852505491,1.48730067301928,0.413043343341073,23.0842506174668,0.900503946343302,0.0975838191655488,-1.02136962255043,39.4852443445097,2.1254784574576,3.67417740425243,4.62592896738524,0,288.786879834167
6840,6.89836188428123,1.3346597778202,0.529126429468021,20.2840182194962,2.50710838254205,-2.70264852223326,-0.386812405578489,43.8551714584294,6.37002176693362,4.4463128617801,4.07285572594778,0,298.442672784219
1608,7.66293480535313,1.44048939079925,0.397102808455261,27.0165604510014,0.416823679057706,4.02989380786937,0.790694202839581,45.3335496232246,3.01383677963736,4.50283921675882,2.95550535903338,1,296.785043640904
9834,24.0506320076585,0.863813248293809,0.430982493341512,28.4494548461173,1.98368395334781,5.46278813362946,0.226391045880849,45.6124333928939,1.46873312935659,3.38847132839644,2.69408105922595,0,294.949893028791
7346,4.37834163271987,0.505212705412486,0.145124081313334,20.3999870740501,3.46630851724016,-2.58667962504084,0.990095325412251,44.1257026254577,2.46073912643345,3.9439698839273,3.51134132706814,0,297.779781467412
6038,1.43641352068418,0.755688390394843,0.166688450390927,20.276605473051,3.44578258282979,-2.71006124077084,0.552978900176381,49.6932750151962,2.56591883799549,0.687532711344576,7.07282020195331,1,292.129917664802
1652,3.17526357483034,1.52040347432617,0.0820982897396227,22.2277550030383,2.58838438531555,-0.758911753885378,0.359025224286721,42.506799071057,3.38023143616715,3.57489560512092,6.34931518328086,1,293.480905473543
605,9.08068401686952,1.00936519583486,0.798754920537049,26.242167580158,1.48486137417962,3.25550084365354,0.614645443074932,38.6938489919939,3.79522999072592,3.8542302785979,4.40157200247665,1,293.405691039075
9745,23.1848610348244,1.40100935891375,1.06367319930126,18.2612966901721,0.583801377783546,-4.72536985922415,-0.858484873252613,38.0278013283266,2.59602791170999,2.63569423049466,4.03844111246146,1,284.456610084366
3714,7.19528219649203,0.839267381540769,0.445903040347387,28.3585723095492,1.5805787001005,5.37190563788659,1.30684617723704,40.7873247848923,4.08125347755097,3.7084696012761,6.37376719149434,1,292.684083094693
1648,6.64508503287731,2.20379868700052,0.312555445757331,18.1831607108795,2.86982259459091,-4.80350593526002,0.631214815186028,42.4745420764191,5.09755225579135,3.5478781730326,3.31836607542901,0,294.613155058797
2906,2.10578826135823,1.36983794677764,0.378402111177382,21.7449602448394,1.63822630654771,-1.24170649883543,1.39344908795443,39.4940280782598,3.75906233937287,3.18505175024885,6.1394452477122,0,290.972191174833
1871,7.28126288990397,2.01874115590776,0.505943788338694,27.7914787090156,1.10037255888292,4.80481218237835,0.790099521247583,36.0583074139344,3.59391482222524,4.40004068915359,4.03930746930831,0,293.244453161303
2502,26.548126396524,2.38616837982699,0.7843134629399,25.3730753678854,1.12751268320829,2.3864087073459,1.09801691044801,37.3922416319374,2.7774056629336,4.26391820671083,3.59929104841634,0,290.75241545964
1763,11.7407487259579,0.904165303673285,0.282586450544373,22.7777671379153,2.34775452826745,-0.208899603292992,1.23125333532391,42.9895616683802,5.73060118180826,2.76135845350508,5.1951834107044,0,292.128009224421
4641,5.64412792679443,0.996287701218727,0.535839476425683,17.3962787538671,2.63511858978679,-5.59038783571127,-0.718159342213199,43.7866106862434,3.71388291701479,2.70125156476096,1.21626145688505,0,293.070443994983
7493,9.88160686610143,1.49995095959857,1.34735124012769,27.0220844299262,1.36822507912075,4.03541779978588,-0.809828790838803,39.819487228461,3.26561965772989,1.82149229967764,5.87504778905972,0,286.586150098692
270,1.2761686654,1.73040037770606,1.07256962685025,23.3780124640781,3.42635337902116,0.391345762595912,-0.256790123598312,41.9629646003578,4.32375986402996,2.0036704951518,5.05987073440291,1,288.510775156064
5125,0.565756792362913,1.70084622227862,0.85318421721971,19.9248377831901,3.6422331822416,-3.06182891066123,0.411851593889878,41.6807233572498,3.79778907311129,3.4880978877825,2.07932998389351,1,295.314265267962
8557,14.5971001503231,3.64778403762786,0.585401540732792,21.6016118647813,1.1124489178839,-1.38505483315798,-0.345679481733023,43.6349062481954,2.07140408614947,1.90230962158665,3.52114396697716,1,288.259014530913
3625,4.30335976324351,1.5250253531167,1.09075217350583,26.7267429019845,1.89497477886382,3.74007627863636,1.98967808273162,41.4952188636029,4.26479131478961,4.31937522638799,4.39123077389827,1,295.057607854433
466,15.0546423889252,2.41581885903375,0.175235461414016,27.916379134493,2.41251782360152,4.92971241238575,0.55060997562416,38.5714045694762,3.31876858620554,2.53035026585032,8.92536809495823,0,288.826576196544
1346,1.21894976248941,1.77892167808484,0.547971201023497,19.6744778270654,3.56307430810823,-3.31218892825161,1.18553851158805,46.6756791908977,4.47175891596001,4.38842184371035,5.40373024851226,0,302.612872280117
3124,5.6365795269342,1.68663562460349,0.375976911630444,16.4351125355225,2.79279457628353,-6.55155415884782,1.21137795801934,42.0304707640863,2.62397985999593,2.34410058307036,2.0734683881681,0,291.414517910309
1505,5.03662073103371,1.67576228471262,0.784667225219561,27.6146056416205,1.78887640706428,4.62793900730716,-0.499711416313632,43.7582169095265,3.16857540527992,1.43792903475562,1.91703937592711,0,288.978559358853
9769,7.13761341667218,0.484668367987301,0.467644676425097,18.4322355092908,2.00106240093462,-4.5544312475924,-0.148822837069641,37.0765579228033,2.04062924239514,2.44561989142503,6.8322617174115,0,286.702620056287
2151,6.38729517613452,0.815562019794555,0.204057038713914,24.8971599883066,0.90888957140152,1.91049334228329,0.369072488342327,43.398607188925,4.24020963090638,2.67990114311618,8.73651241183183,0,292.01596122266
2200,6.5822559749307,1.79269496618421,0.414804274951127,25.860029242513,1.24102828834599,2.87336266199436,-0.008823460155714,41.0904210420701,3.75003209905949,3.57981705499739,4.75499324900381,0,293.383339783491
1275,29.691921499985,1.17198145537078,0.398409568856073,22.5335053269771,2.1334788075614,-0.453161317038978,0.256237050990105,38.8086451343132,2.09992273422231,1.42036105046166,5.92295236627044,0,284.44672321099
9530,6.29389825644445,2.16913039289766,0.427165194191703,20.5910574666425,3.86090466785824,-2.39560922574119,1.61573203458067,41.741637490057,3.54550752050711,2.15857816109184,4.23944378295036,1,291.301130176447
3175,17.6327098563375,1.77685842728526,0.500825348442364,18.2622845527276,1.10242361893369,-4.72438208583039,-0.49335347363033,37.1272989606944,0.648219710780579,2.10044565428641,4.27815266715308,0,284.239457203129
4921,7.52134711654826,1.91471029558986,0.246096444256805,22.2345537921311,2.58045828701736,-0.752112857502109,0.996284826459878,39.2012154084683,1.56192327586635,3.92024058378361,3.06657120256815,0,293.235182771382
6615,49.5525727659251,1.35631312659602,0.776759002466631,25.5286311980293,1.38545317265945,2.54196468936325,0.639013470425723,41.1255832463999,5.20494632424261,3.223988975352,2.98387142004076,1,282.592541276478
962,3.90237948385204,0.643136361993471,0.624896333879311,32.3790088975016,1.48066447963683,9.39234214848712,-0.987607446477141,43.8480943723809,4.46800651513491,3.42727403644165,6.25865139197097,1,295.494008637142
1153,5.70621568902329,1.34082495381177,0.219867947173346,25.4342465947373,3.30893995096058,2.44757993285408,1.19979196609968,41.542965646648,3.7187361007068,4.26419983794155,6.42592836271115,0,297.836440164807
489,26.8254272069151,1.68897072788628,0.476912172404664,29.6847267929581,2.20089661225482,6.69806018465537,0.356096714775705,41.3260298938755,3.55830103977703,2.31678483617638,4.50167095024974,1,288.443199735282
9016,12.9163007954648,1.60650102249918,0.358507113481863,21.3117679379523,2.77873363084525,-1.67489861145126,-0.0539523558597009,39.9244390890312,6.89954602560199,3.43172973669941,2.79571676225235,1,289.722946189927
6536,10.6682023825313,0.762448801834608,0.162279177064363,20.0988011131457,2.27365377014341,-2.88786567961018,0.965316274672563,37.3943376828195,1.83336730437006,3.48984078061383,5.84499790257783,0,289.953716527885
919,12.2999208867108,1.61131709747635,1.17266634733091,24.6881529823112,0.635748120187578,1.70148629014126,0.273542811776795,42.2065727081458,0.320678630696868,3.18166956194722,2.674528094128,0,292.331075766515
4778,6.10396857120462,1.95079428299836,1.41899945859852,16.6843804734891,2.76883248126257,-6.30228619318959,0.674284675332254,36.1352790563631,1.44573629743468,1.07457140329282,1.55398988795903,0,280.791017294818
4477,10.9862486417096,2.94735821757045,0.579103860827937,26.7851086733994,1.09805494125852,3.79844205762305,0.804185777453381,43.5789543149045,2.72015300298697,1.85136172968671,5.12997585492081,0,289.612088882717
3638,5.02131230582338,1.17663634786502,0.583702333691012,25.8579565642089,2.62387694034151,2.87128989006578,0.20989852841142,41.8049673191429,3.73412049774529,3.847484260891,3.78425587961442,0,296.449943284198
9609,19.403057375368,2.75472962487907,2.98608152619879,25.5194029984023,1.74037373219767,2.5327364227181,0.310342921291267,44.3683563231932,5.25648604574771,2.53485881968048,1.8443947756067,0,290.884812950529
1711,60.8182253848077,1.99119208396957,0.440116657997603,18.5464100894373,1.48409695028314,-4.44025658309833,0.441623096728308,43.1695437896768,3.53640704083215,2.96474476151521,4.32829005406044,1,278.328077697985
7886,5.04917241007525,1.0096524777168,0.392214169559577,17.9726027164028,2.33224624455847,-5.01406401765563,0.939235272258508,41.7728774613171,4.35977421387753,3.55282660664318,4.47254098989153,1,293.95813750525
663,23.1072984581498,1.21313366816268,0.227185504581417,31.0962194815347,3.52056398760184,8.10955265540204,2.00009985407295,43.9563984742326,6.48415314717635,5.49138917024162,5.12887999024384,0,301.930017694492
3881,3.165162426666,1.55667579653935,0.490057949303494,22.9995427078544,2.07656335489072,0.0128761477463592,0.351876048372415,43.6917503321854,4.42297016448849,4.21648493175256,5.78681936629056,0,299.552878872376
1366,5.48787530753476,1.49302806353042,0.766012086148407,22.3256896000091,1.68276613745838,-0.660977082961427,0.664140463669827,40.0390606975203,1.72694163974669,3.14777024429726,2.69132334906341,1,290.415732778485
1875,17.0298311635104,2.08449584413745,0.525291049214432,25.3264078794583,1.71802439479223,2.33974120725066,0.748530277654656,44.1536891573186,2.60513299877248,3.00216378166168,0.27079633496881,1,292.729964878729
8152,35.268585005175,1.44653664812935,0.603084248224402,22.040941614132,2.79079768011,-0.945724850626459,-0.972009443982865,39.6722335370265,2.39149781551098,2.56730631573053,4.03642589791942,1,286.211512773439
6975,7.75702646015816,2.47205229570184,0.770682101924451,21.2324190279034,1.88713269870831,-1.75424767231451,-0.870633348074313,42.7383790004663,4.9179236153116,2.62339850604817,4.68266724036906,0,290.689869911801
2590,73.3499898332815,2.66113367431838,0.598120004510597,25.8231837383475,1.27928634478022,2.83651689686371,-0.236059742794367,41.7160073736415,3.01806532832369,3.36122651270253,1.79194712707716,1,270.675701500895
4795,1.67125437414306,0.237080859592637,0.148301956941103,10.4969255879032,3.98389099902629,-12.4897412724825,1.08475237648451,44.9685924493914,3.90118263554482,5.08315344299379,5.56739760690626,0,302.269776815912
804,0.779262095814648,2.28023466494337,0.367336877309005,27.7480026788459,2.26098680211165,4.76133588835364,1.0646811140686,38.9636756939064,1.01459425041925,2.86912827563782,5.89938850033675,0,289.771304267546
3427,17.8268680708225,1.32427674083346,0.479785841747211,17.1836438274233,1.77608187094854,-5.80302290235442,0.870450820166664,40.1168876062416,2.06123954933601,3.3907618893286,4.0995791405801,1,291.263222218684
9385,4.03563935622279,1.09402706971306,0.438772373400619,20.1632987352482,1.20721121224882,-2.82336788261782,0.732378360601896,40.7542184809113,3.35167314786593,2.57608003263143,2.44631704006023,0,290.494909687873
6048,28.208421319437,1.23546996822076,0.39627428856874,30.1800576314496,2.41542439470795,7.1933909724036,1.01702489204639,40.6364107714516,2.27484872272131,3.52414836810531,6.24272812519031,0,292.08301129436
6435,2.67760967791953,0.942250467429102,0.238728658528479,22.9793450386938,1.96857872501925,-0.00732161735280513,0.242030518518215,40.4136733694557,4.9734726080498,4.91600120172356,8.17721217518488,0,294.605661567878
3025,35.1515893849588,0.427679991804476,0.243924121785819,14.6132974607935,3.11552643307771,-8.37336909697751,1.90127948358216,44.4127572942184,3.72609046877184,3.99479029563856,6.73392510408441,1,293.796092613091
3928,3.77114154613843,1.20680732864584,0.747703166223134,25.4692785565381,2.07215321731618,2.48261186164655,0.528782836667628,38.0116948769123,2.21837071181497,2.02554660809823,3.30356999440002,1,287.399270723621
9640,5.08040751709291,0.695312238285639,0.259165760656922,20.1563492304127,4.0476821518684,-2.83031738439223,0.515514404411154,40.9782344875541,3.28381653096183,3.90520966114705,4.05597340361774,1,295.166246462369
8275,2.69860967085193,0.681862966200491,0.274134406371476,24.6316655639605,3.04061283012764,1.64499883848595,0.49924762320435,45.7241935837731,3.45792638769377,2.98866999411326,3.12777471040021,0,298.15639361201
9227,7.03057147768496,2.05618751791907,0.656724919685114,31.4825965618426,1.80467509123788,8.49592980928596,0.712174556240525,41.7633051347492,3.08158344504653,2.68092116146209,4.28437635399015,1,291.112355066569
9955,4.18588138689416,0.38063183110934,0.577098134278872,25.3010009436167,2.37254399843995,2.31433419237584,1.19842598350755,43.7675431756542,4.80489014383192,3.96091075820327,4.35770967471843,0,297.523077225097
7567,12.7044976148124,1.81192037862996,0.236552758888081,26.0593267428257,0.706775135071051,3.07266007313979,0.434861522983477,43.327787828293,3.35746814682609,3.43255047865333,5.97634403174197,1,292.445117354481
2592,3.7935268839001,0.914268313023609,0.200725625387723,18.0493068510648,1.84116661089733,-4.9373597645235,0.00861430668048646,37.8224806147573,3.52374663866875,4.87447121598807,5.12995373690548,1,294.648179477755
7371,13.530236943055,1.02072156256223,0.529664655523282,17.5944168259575,3.07497652995936,-5.39224973226196,2.15857768172817,40.3595207864759,3.89733415721714,1.7317959769248,3.14169276515717,0,288.830633194128
9538,3.86382494793324,1.30671930022554,0.184757055682476,24.7383881799713,2.8965638416363,1.75172142729004,0.225226115752211,42.249483248104,2.02092039663849,5.27491615687863,4.37857649944448,1,300.47038758373
2840,16.0190480144945,1.42773676039016,0.642200941289832,26.2933380265201,1.58060604103439,3.30667132175835,-0.572999554009324,41.9921121067098,4.08490083846389,1.40152621814181,7.20003446739598,1,288.357850673378
3862,3.59908773967502,1.82372835747,0.385820091073354,20.7671226556123,2.31227537124434,-2.21954403345996,1.09441819636239,44.097289505099,4.04027427782802,3.0755706129782,4.85479199598098,1,292.260101948015
7853,31.6966410265166,1.85462898586597,1.02928745385265,28.7767480591356,1.39725137668711,5.79008149460223,0.909943670797515,45.6607413718307,2.24252219902652,1.55560908442133,3.91286848006109,1,285.823201853879
745,3.8536010276057,0.648070401264956,0.421957294647988,23.8426363574997,2.63473053744732,0.855969671418434,-0.568896829326163,42.6589101897749,2.46368200684262,2.3406190525676,5.31445513792473,1,291.503310760673
3515,17.7340228057302,0.817354706291623,0.27206106814528,13.5218669295103,3.74874168809562,-9.46479977393317,-0.109745215947251,39.3783852029403,2.35154234753873,2.56702841285178,4.62230514579993,0,288.922407119479
4278,18.3674299616158,0.758384079043863,0.36390770335597,24.3204894943398,0.427528468708868,1.33382292478819,-0.613476374702739,43.1811448306359,1.57969741748916,2.15233359620379,5.61684593847721,1,288.63524388897
1515,39.709566460714,3.23643806785368,0.400228556140402,21.788744348555,0.831557391706939,-1.19792242073611,1.04505699284716,37.9416668544212,5.11115600299454,3.4279525303797,1.92661938942003,1,281.994519863867
5625,1.23221031157763,0.700501739679171,0.471578256941387,25.9034461759369,2.28816699430677,2.91677951527197,0.0910719151716199,39.1767945922636,2.86655928039971,3.82240403971526,6.05410785592609,0,293.304601600337
9374,2.83029987382831,2.14576056854884,0.606234190796165,21.4956140673013,2.945794844427,-1.49105258403714,0.933751541386641,42.6396220092967,4.0781199937947,3.95289423094865,2.90590151916327,0,297.265340521915
9559,9.67695632154141,1.08194065586201,0.278519656018029,23.4109226611381,2.50704212493523,0.424255833278783,1.26107151130417,46.9041328869696,4.36086542061757,3.53591997130733,7.68704379253402,1,298.608949712983
1706,1.05968955807252,0.907933812925235,0.398720352391611,18.4821465044146,3.8290313716517,-4.50452011312311,0.465239572700152,44.3529887825029,3.52170190465959,2.88793684173328,5.40462828822,1,293.892245717731
5236,17.2197521401487,0.971598642724606,0.739898286850004,20.5161301608606,3.63441814152424,-2.47053655206361,-0.0977107228150896,43.6252935797666,3.41512727886649,4.39761199976412,3.14695122324294,0,298.094042989265
3712,10.0570132407924,0.853406063087042,1.17024932097923,28.255398458902,0.633633631686379,5.26873178335599,1.18680653424543,40.5711184203259,4.51459595989046,2.5923724946824,4.66744965772387,0,289.661926129667
6530,27.2650769379638,0.427496348253081,0.363838426881496,24.5124662795417,2.34404200265995,1.52579953535067,0.294659918045139,41.9761709028804,0.745522826265177,2.81155604745401,5.03337379298684,0,290.65185949505
2601,72.9422545912267,3.26026927923007,0.767167865939031,29.6436533959523,1.40328952139201,6.65698672180208,-1.05491836357027,43.236906321032,1.71835088534141,2.48599317729278,4.59592362050467,1,266.06814437665
4531,5.73644992132799,0.848868758342688,0.275963466324772,22.3196451300955,2.38762765734381,-0.667021501719928,-0.0218312678303804,41.4744829539794,3.24617163780559,3.98552339381654,6.40952499171631,1,294.868225120287
1660,2.22204109851272,0.840748047625522,0.427308948487531,15.0266625243815,2.735194361828,-7.96000418762599,0.100806897240644,44.4458647603391,3.48010042369147,3.63641139393984,3.63773082386902,0,297.605853828386
3563,33.7619170588908,2.84297680168535,1.45128076203081,27.1177317482546,1.20802548024331,4.13106528886203,-1.12080028183881,43.4222010869318,1.30444643549791,1.45270611056523,3.48496630291764,1,281.952189519081
7002,7.92329856502631,1.53601145973652,0.154739639570764,24.5613070033926,2.99606420093545,1.57464030530005,0.137312800673152,42.1597020567498,3.26476135084923,2.70755451044874,5.3498739740693,1,294.520165061572
4692,18.3089385981698,0.880989882814838,0.160685858194799,24.841693743384,3.03910014898414,1.85502706449747,1.17067122473781,41.5449768012209,4.89788483216717,3.40172221727235,5.11994525107131,1,295.368373902886
615,9.8903572879222,0.537494329612182,0.487861800659866,27.4038428283449,3.45850628249039,4.41717612230126,-0.64423259741971,43.6984058547532,2.73454126068646,4.32325715565761,7.59941092374999,1,297.203262533656
7570,91.9531936108184,3.72956081042887,0.22179724844321,22.8143146694273,3.16204844175379,-0.172351921181724,-0.421685264714427,45.6602138198848,0.388005425241177,2.13056595051399,4.40439582015269,0,256.561135393262
4037,13.1878846949526,2.57953539568574,0.304533814769149,27.4211840840135,1.03193914874124,4.43451744132162,0.604097868874314,40.3209488449902,4.52592198677095,3.00006097401931,4.56344924561376,1,289.260127246302
9464,47.9246149923995,2.15346002628209,0.876785697531447,33.0861320854923,1.5479513076414,10.0994654557103,1.37405433840154,43.6917775223463,2.33037260712819,1.98091093583858,5.37643547918871,1,281.812039724291
2730,2.67933033474784,0.998422858130562,0.405286889552661,19.5445426312361,2.47924975296395,-3.4421239712702,0.817983993134116,41.4393457173604,2.77190952296556,4.28771174327731,2.47833452411032,0,295.051074628615
9960,10.9175223872088,1.65062537770574,0.585532422858761,26.9603185513716,1.99856116562115,3.97365180904773,-0.18377877360168,43.5447625338748,1.69860258760983,1.39936218816654,3.46725996111428,1,288.038774781521
793,4.30377071828069,1.42496485171078,0.233442628250864,26.6456818606347,3.12415024422994,3.6590152300143,0.694462650621711,43.0980444882092,3.97549086855267,2.96940016248438,5.30785488367026,1,292.579290815532
8549,27.6616585652044,0.429499347593531,0.168883451221021,25.5473527766295,1.96123093883288,2.56068607654008,0.332323652338243,42.3849021086716,3.23126618066097,3.6370123251835,7.17478017203793,0,291.579478778071
4551,4.79146956662168,1.9350110739085,0.167999399690782,23.1859865784192,3.81120893455102,0.19931991870214,-0.345534834924642,37.17105543469,3.21033877203512,3.59891555048801,6.52171594131636,0,294.198984599847
1051,4.22034677672115,2.67493829322579,0.88238190202574,24.3282616222094,1.4703897655084,1.34159483029587,1.34858725256594,41.991724964495,0.646288892377847,2.01742042183797,5.23707589810296,1,288.084511820847
3213,29.8783779800582,2.35697501326632,1.40870316026759,25.1672455262628,2.77481929573505,2.18057895933248,0.701311024684248,42.255180747847,2.96024906474059,3.67090615482319,3.44436048593463,1,291.835984426906
8072,0.891500890957971,0.405307174678591,0.489723080516743,16.777435419384,3.47782950782627,-6.20923122580976,0.744074092117403,40.7027869817002,2.66525804849983,3.96021474749348,5.42046484291109,1,296.325022847928
2669,2.40275239336608,1.73292728916741,0.886028663067848,23.1878060773632,2.13644559993622,0.201139398872065,0.624058821184568,40.8862246389703,7.31972258564336,3.16556932184539,5.90917512606598,1,291.972128394601
5656,9.08880227982563,2.24193181732389,0.739349506477968,18.8521852799599,2.48636109920154,-4.13448150054472,0.803660719688314,41.4657211285546,5.42629928356404,3.33740316058229,2.65180852221884,0,292.962371751686
8063,4.85198570143976,0.636900400405557,0.170097787441523,21.4264573526431,3.01789044860786,-1.56020935803063,1.0823857767064,36.9010139178555,4.73165642577431,4.32982812137103,8.19553420816185,0,294.91768137685
685,1.33119830209263,0.80305920106848,0.475055096286956,18.7240399073113,2.60453081730951,-4.26262672714209,-0.340364780566869,41.3390080168486,1.72137514754036,2.55959117668597,4.86738939570137,0,291.905057693251
6771,14.9066594675093,1.87197945854099,0.374941944488247,21.3685130593562,3.40089645515264,-1.61815358973809,0.618532227478582,34.4973000646309,5.23276789832199,2.0315566584522,4.82404376852429,1,284.9838340863
6732,5.61623876831144,1.91149070442575,0.671826133704778,23.0169540390952,0.906884042336891,0.0302874993879311,-0.119774930577449,42.8555068453396,2.95180902768959,2.38471302306136,3.9335988425614,0,288.349716038082
4469,7.38887020145388,0.83574980843114,0.942378242616632,26.1914633748755,2.35071500164368,3.20479662440343,1.5140416971967,39.7676539224231,2.98074761977741,4.3394462543186,4.70399218727449,0,295.207431840813
4209,28.4102055371887,3.46858987498403,1.32631024712381,22.8087872179166,1.39887766863832,-0.177879434994528,-1.03951259674983,36.1563546952509,0.564423693964735,0.201323394726749,1.93231808119852,1,274.73962942348
5413,7.99838325965649,0.840983597700101,0.92925778416564,25.3926347055615,1.11963733702432,2.40596801115296,-0.026382881069516,43.6575855772547,4.92211754185221,3.48856678767569,5.00709897240981,1,294.075492293888
8941,2.37667439346108,1.17102246334241,0.353023217038171,20.6883598808005,1.72891702303621,-2.29830679177948,1.30037482688634,43.3727657674172,3.76912796374817,3.44032394055375,6.74084830656741,1,293.750138662327
2220,2.45275976742957,0.806818165661754,0.709067800037975,28.7174673599602,1.71585203069717,5.73080062265297,0.709845865873295,39.0492126667991,3.81395123250338,4.66058007953741,7.5693192559574,1,291.731929702448
2137,4.23490450420566,3.49120235827141,0.272896727705295,23.1952092854225,2.57795514797603,0.208542639656513,0.701231062531749,36.8983067450522,2.88942882182053,4.09167027467375,4.96174703383917,1,293.722044098417
9941,17.7021880152193,1.33033812404654,0.574779826324272,22.6648675252515,1.7736240045618,-0.321799184874701,0.883537445940997,38.5521453152001,4.12620747745775,4.22639657600016,5.071953342516,0,293.858153784513
3210,19.1927375637292,2.40936488307354,1.02817859798707,25.0215750466067,1.51500246346662,2.03490828693447,0.148081050128135,38.8387762470917,4.98217734024913,4.31123996758193,1.3876706876271,1,292.114639472625
8323,14.298474242049,1.51911784872133,0.655710729903037,19.8029811969498,3.146464303506,-3.18368543116925,-0.271700299963017,40.2513309620255,3.79852155061432,2.84818885357663,0.492265926177644,0,291.122295204173
9659,3.19065489333776,0.82065638909793,0.990523770972366,21.4405288026774,2.24896070157431,-1.5461380886735,0.839635552705134,41.8884200319395,2.97668120954557,4.06501199147942,3.46920153149041,0,295.878073811685
4747,76.0219760381075,3.1358579561174,1.37831961811274,28.5996909158111,0.446741581534266,5.61302417279707,0.24512552982409,38.8258922663818,3.14029957431852,3.13445400628843,0.629998773020631,1,263.371572708434
4135,2.6670896320519,1.39279815549574,0.17084140751899,21.7139427377083,2.02619516722644,-1.27272369992131,0.181660248980431,38.8261724960456,1.94452972456872,1.76420963637245,5.6301010954289,0,287.464598774115
5427,5.54668335899148,1.08812479340097,0.392836905860081,16.0003784342035,2.76736768703165,-6.98628811172638,-0.0974062798270213,38.0064525009493,2.74698406388232,4.45989470283467,4.2219193249111,1,292.538651297377
6313,15.0440737803902,1.38257222904129,0.332647844760858,21.5130862051442,1.84329164009315,-1.47358031208528,0.280562835579934,41.9202235549849,3.4195032274305,4.22885214774315,3.67990386967497,0,295.685907677854
9412,1.86592491422467,2.15835580413003,0.373383318492614,23.1155527726958,1.69016982580164,0.128886100275271,-0.201281328724703,44.1941832876228,2.85836421356497,4.87150882421825,3.85919833414,1,300.568560648046
2234,10.5646366670065,1.2256856789372,0.624747032470347,26.8493618600628,1.79862841466801,3.86269521766896,0.11669493170676,42.6999157732607,5.05921440929606,3.37597575664633,3.46365173005254,0,293.382086860218
2317,17.4350391018144,0.522652782369413,0.112323181635874,25.5531540890999,1.26359037397743,2.56648730985794,0.503761353841534,37.0065495271512,1.37858613850356,3.77024265760461,6.22562787936656,1,289.022336248825
7662,7.66086765777869,0.862442721858506,0.561321077330138,25.6918742803166,0.885546037689843,2.70520755408121,0.345469801207879,44.1364719677319,4.5599065938909,3.2896518222509,3.84185058671357,0,292.791082185665
7996,2.44735510031794,2.05330179764857,0.129144951272844,20.2120907179144,2.86431339317711,-2.77457600996878,0.188684802110482,42.3143505504288,5.68248322479708,4.28203622538685,8.15237827342861,0,297.315660015724
1090,19.7891992732709,1.02634247316551,0.456314699719891,15.8770564510066,3.02008317062008,-7.10961018065494,0.63049316402154,38.3678738245314,5.32190825121948,4.00026746086277,2.35648529735059,1,290.888890072558
9259,62.9808714937718,3.60841043923478,0.505252139648739,27.9772778027953,0.336175800412601,4.99061119130996,0.0180251713920693,39.0958856051254,1.91284236444466,3.06606454047619,3.41799498515533,1,270.656752725245
1415,92.2769178246951,2.97595151638343,1.638162092979,24.2540906263773,0.998490258220527,1.26742396731498,0.665791234844779,40.5410494600702,2.31141868845609,1.28784752576707,2.58486612790141,1,247.996660112976
1379,6.92882907210813,0.452973424046323,0.255239353129251,18.1609254968348,2.73195472714547,-4.82574118099608,0.227350474056811,38.3105008032204,1.30610868890692,4.11999448525599,5.88951101291913,1,293.327866805491
8891,2.29169551094414,1.61000848013931,0.255135104483936,25.985567574227,2.14031017019395,2.99890091691739,0.92104940016591,40.4418677108649,5.0048319471396,4.28486332361462,7.39571681359517,0,295.875425036215
4872,0.904757888673439,1.8567782335756,0.287866204242027,19.4167627034116,3.96076914404283,-3.56990406138338,0.169506754368709,40.3724302035435,0.911289588256587,4.6497920874494,5.28763419179666,0,296.371096010833
1488,5.62691308911034,0.868694822082456,0.169750996087807,22.9812280618204,2.65356200701283,-0.00543859764252573,2.03525934722232,44.4296971494174,4.52383348822343,2.68819856976991,4.54139609416617,0,295.649536515397
3346,16.1876859232179,0.914010009698359,0.173954374508929,24.5685305516602,2.40571134582121,1.58186403537465,-0.207813037968948,42.4583398498505,1.61287318272564,2.75069514714968,4.22295416661913,1,292.880223934549
6339,7.17992784604413,0.463264464625101,0.130586028449581,17.8092142037567,2.46527144266725,-5.17745246378807,0.719364702283857,43.5387867859534,1.95803804410812,4.66131494543055,5.53657136866955,0,299.314182343182
2995,5.6701933682455,0.597505397998111,0.442192094630576,19.8421237560937,3.25523277823657,-3.14454284574616,0.660381015236689,41.4251813492597,3.13905621629502,3.40811644142679,2.85756693643608,0,293.764861401548
3376,8.76327529831126,0.909405351867368,0.475038750830845,20.6610200782265,2.2121228722728,-2.32564668714136,0.410945381278019,43.7264587730962,3.28396072589993,1.57319534942161,5.93040193920875,1,287.877948640688
1418,38.0074417041551,1.62229530044217,0.278548660136369,22.5177064834008,1.79163539691041,-0.468960219295532,-0.259467908361986,42.0387385009385,2.6388997927975,3.03637339156164,3.61463936468799,1,285.528867009001
